branch	path	projected	from_multi_leaf_authors	from_curated_author_map	leaves_under	existing_cards_under	capacity_at_10_per_leaf
speculative-fiction	Speculative fiction	512	512	0	322	1305	3220
epic-fantasy	Speculative fiction > Fantasy > Fantasy realms > Epic fantasy	470	47	423	31	115	310
science-fiction	Speculative fiction > Science fiction	411	411	0	159	677	1590
military-science-fiction	Speculative fiction > Science fiction > Futurist > Spacefaring fiction > Military science fiction	324	0	324	4	11	40
urban-fantasy	Speculative fiction > Fantasy > Real earth fantasy > Urban fantasy	227	0	227	10	45	100
fantasy	Speculative fiction > Fantasy	133	133	0	163	628	1630
vampire-fantasy	Speculative fiction > Fantasy > Real earth fantasy > Nocturne fantasy > Supernatural fantasy > Vampire fantasy	108	0	108	3	10	30
alternate-history	Speculative fiction > Science fiction > Historical > Alternate history	97	0	97	7	25	70
hard-sf	Speculative fiction > Science fiction > Futurist > Hard sci-fi	89	0	89	6	20	60
spacefaring-fiction	Speculative fiction > Science fiction > Futurist > Spacefaring fiction	82	23	59	25	95	250
futurist	Speculative fiction > Science fiction > Futurist	77	77	0	83	341	830
new-space-opera	Speculative fiction > Science fiction > Futurist > Spacefaring fiction > New space opera	67	0	67	12	42	120
fantasy-realms	Speculative fiction > Fantasy > Fantasy realms	67	6	61	57	202	570
classic-quest-fantasy	Speculative fiction > Fantasy > Fantasy realms > Epic fantasy > Quest fantasy > Classic quest fantasy	50	0	50	3	10	30
nocturne-fantasy	Speculative fiction > Fantasy > Real earth fantasy > Nocturne fantasy	48	2	46	32	141	320
alien-fiction	Speculative fiction > Science fiction > Futurist > Alien fiction	44	16	28	10	46	100
real-earth-fantasy	Speculative fiction > Fantasy > Real earth fantasy	16	16	0	98	380	980
pulp-space-opera	Speculative fiction > Science fiction > Futurist > Spacefaring fiction > Classic space opera > Pulp space opera	16	0	16	3	14	30
political-fantasy	Speculative fiction > Fantasy > Fantasy realms > Epic fantasy > Political fantasy	16	0	16	13	50	130
remade-bodies	Speculative fiction > Science fiction > Futurist > Future of Earth fiction > Techno fiction > Technomorphosis > Posthuman > Remade bodies	14	14	0	3	10	30
gaslight-fantasy	Speculative fiction > Fantasy > Real earth fantasy > Historical fantasy > Period fantasy > Industrial age fantasy > Gaslight fantasy	13	0	13	5	20	50
modern-day	Speculative fiction > Science fiction > Modern day	8	8	0	23	108	230
historical-fantasy	Speculative fiction > Fantasy > Real earth fantasy > Historical fantasy	7	7	0	27	81	270
atemporal	Speculative fiction > Science fiction > Atemporal	5	5	0	38	170	380
contemporary-fantasy	Speculative fiction > Fantasy > Real earth fantasy > Contemporary fantasy	3	3	0	12	42	120
future-of-earth-fiction	Speculative fiction > Science fiction > Futurist > Future of Earth fiction	3	3	0	41	177	410
gothic-fantasy	Speculative fiction > Fantasy > Fantasy realms > Gothic fantasy	2	2	0	5	28	50
fairytale-fantasy	Speculative fiction > Fantasy > Fantasy realms > Fairytale fantasy	1	1	0	4	20	40
alien-delving	Speculative fiction > Science fiction > Futurist > Spacefaring fiction > New space opera > Alien delving	1	1	0	3	9	30
social-dystopia	Speculative fiction > Science fiction > Futurist > Future of Earth fiction > Dystopian futures > Social dystopian future	1	1	0	6	19	60
postcyberpunk	Speculative fiction > Science fiction > Futurist > Future of Earth fiction > Techno fiction > Cyberpunk > Postcyberpunk	1	1	0	3	11	30
