leaf	path	existing	easy_T1	cluster_T2	total_easy_plus_cluster	overflow_strict	overflow_with_cluster
fellowship-quest-fantasy	Speculative fiction > Fantasy > Fantasy realms > Epic fantasy > Quest fantasy > Classic quest fantasy > Fellowship quest fantasy	5	2	85	92	0	82
alt-civil-war	Speculative fiction > Science fiction > Historical > Alternate history > Period alterations > Alt Civil War	4	0	85	89	0	79
planetary-romance	Speculative fiction > Science fiction > Atemporal > Science fantasy > Planetary romance	7	10	40	57	7	47
space-succession-opera	Speculative fiction > Science fiction > Futurist > Spacefaring fiction > New space opera > Political space opera > Space succession opera	3	0	45	48	0	38
destiny-quest-fantasy	Speculative fiction > Fantasy > Fantasy realms > Epic fantasy > Quest fantasy > Classic quest fantasy > Destiny quest fantasy	3	0	43	46	0	36
techno-fiction-in-space	Speculative fiction > Science fiction > Futurist > Spacefaring fiction > Space techno fiction	5	0	41	46	0	36
hard-magic	Speculative fiction > Fantasy > Fantasy realms > Epic fantasy > Hard fantasy > Hard magic	8	0	35	43	0	33
earthly-comic-fantasy	Speculative fiction > Fantasy > Real earth fantasy > Earthly comic fantasy	9	11	20	40	10	30
revisionist-quest-fantasy	Speculative fiction > Fantasy > Fantasy realms > Epic fantasy > Quest fantasy > Revisionist quest fantasy	8	0	29	37	0	27
ecotopian	Speculative fiction > Science fiction > Futurist > Future of Earth fiction > Utopian fiction > Hopepunk > Ecotopian	8	0	27	35	0	25
medieval-dynastic-intrigue	Speculative fiction > Fantasy > Fantasy realms > Epic fantasy > Political fantasy > Court intrigue > Dynastic intrigues > Medieval dynastic intrigue	4	0	29	33	0	23
warrior-hero	Speculative fiction > Fantasy > Fantasy realms > Epic fantasy > Heroic fantasy > Martial heroes > Warrior hero	6	5	19	30	1	20
animal-fantasy	Speculative fiction > Fantasy > Real earth fantasy > Animal fantasy	5	25	0	30	20	20
remade-minds	Speculative fiction > Science fiction > Futurist > Future of Earth fiction > Techno fiction > Technomorphosis > Posthuman > Remade minds	7	0	23	30	0	20
space-colonies	Speculative fiction > Science fiction > Futurist > Spacefaring fiction > Space colonies	6	4	18	28	0	18
renaissance-dynastic-intrigue	Speculative fiction > Fantasy > Fantasy realms > Epic fantasy > Political fantasy > Court intrigue > Dynastic intrigues > Renaissance dynastic intrigue	6	0	20	26	0	16
technothriller	Speculative fiction > Science fiction > Modern day > Technothriller	7	0	18	25	0	15
alien-horror	Speculative fiction > Science fiction > Futurist > Alien fiction > Alien horror	3	0	20	23	0	13
world-models	Speculative fiction > Science fiction > Futurist > Hard sci-fi > Hard conceptual SF > World models	4	0	19	23	0	13
occult-city	Speculative fiction > Fantasy > Real earth fantasy > Urban fantasy > Modern Goth > Modern occult > Occult city	3	0	20	23	0	13
military-fantasy	Speculative fiction > Fantasy > Fantasy realms > Epic fantasy > Military fantasy	4	2	16	22	0	12
arthur-reimagined	Speculative fiction > Fantasy > Real earth fantasy > Mythic retelling > Arthurian fantasy > Arthur reimagined	3	0	19	22	0	12
messianic-fantasy	Speculative fiction > Fantasy > Fantasy realms > Epic fantasy > Political fantasy > Revolutionary fantasy > Messianic fantasy	3	1	17	21	0	11
celtic-fantasy	Speculative fiction > Fantasy > Real earth fantasy > Historical fantasy > Period fantasy > Antique times fantasy > Celtic fantasy	3	1	16	20	0	10
demonic-torment	Speculative fiction > Fantasy > Real earth fantasy > Nocturne fantasy > Dark fantasy > Torment fantasy > Demonic torment	7	2	10	19	0	9
romantasy	Speculative fiction > Fantasy > Fantasy realms > Romantasy	5	13	0	18	8	8
comic-fantasy-realms	Speculative fiction > Fantasy > Fantasy realms > Comic fantasy realms	3	1	13	17	0	7
post-society	Speculative fiction > Science fiction > Futurist > Future of Earth fiction > Techno fiction > Technomorphosis > Post-society	7	3	7	17	0	7
hard-time-travel	Speculative fiction > Science fiction > Atemporal > Time travel fiction > Hard time travel	2	0	14	16	0	6
monsters-in-gaslight	Speculative fiction > Fantasy > Real earth fantasy > Historical fantasy > Period fantasy > Industrial age fantasy > Gaslight fantasy > Folklore in gaslight > Monsters in gaslight	9	0	7	16	0	6
evergreen-space-opera	Speculative fiction > Science fiction > Futurist > Spacefaring fiction > Classic space opera > Evergreen space opera	1	2	13	16	0	6
future-history-of-earth	Speculative fiction > Science fiction > Futurist > Future of Earth fiction > Future societies > Future history of Earth	6	3	7	16	0	6
ground-pounders	Speculative fiction > Science fiction > Futurist > Spacefaring fiction > Military science fiction > Ground-pounders	5	1	10	16	0	6
hidden-history-sf	Speculative fiction > Science fiction > Historical > Hidden history SF	4	3	8	15	0	5
dying-earth	Speculative fiction > Science fiction > Futurist > Future of Earth fiction > Dystopian futures > Dying earth	8	0	7	15	0	5
revolutionary-cyberpunk	Speculative fiction > Science fiction > Futurist > Future of Earth fiction > Techno fiction > Cyberpunk > Postcyberpunk > Revolutionary cyberpunk	2	0	13	15	0	5
whimsical-doors	Speculative fiction > Fantasy > Portal fantasy > Whimsical doors	7	8	0	15	5	5
psychogeographic-fabulation	Speculative fiction > Science fiction > Atemporal > Fabulation > Inner space > Psychogeographic fabulation	9	1	5	15	0	5
modern-albion-myth	Speculative fiction > Fantasy > Real earth fantasy > Contemporary fantasy > Contemporary mythic fantasy > Modern Albion myth	7	1	7	15	0	5
multiverse-war	Speculative fiction > Science fiction > Atemporal > Parallel world fiction > Multiverse war	9	0	6	15	0	5
fae-founders	Speculative fiction > Fantasy > Real earth fantasy > Urban fantasy > Fae founders	5	9	0	14	4	4
far-future-first-contact	Speculative fiction > Science fiction > Futurist > Alien fiction > First contact > Far-future first contact	7	0	7	14	0	4
occult-police-fiction	Speculative fiction > Fantasy > Real earth fantasy > Urban fantasy > Occult police	6	4	4	14	0	4
ranger-hero	Speculative fiction > Fantasy > Fantasy realms > Epic fantasy > Heroic fantasy > Martial heroes > Ranger hero	2	0	11	13	0	3
greek-myth-fantasy	Speculative fiction > Fantasy > Real earth fantasy > Mythic retelling > Greek myth fantasy	9	4	0	13	3	3
terminal-wastelands	Speculative fiction > Science fiction > Futurist > Future of Earth fiction > Dystopian futures > Post-holocaust survival > Terminal wastelands	6	7	0	13	3	3
theological-space-opera	Speculative fiction > Science fiction > Futurist > Spacefaring fiction > New space opera > Theological space opera	5	0	8	13	0	3
revolutionary-space-opera	Speculative fiction > Science fiction > Futurist > Spacefaring fiction > New space opera > Political space opera > Revolutionary space opera	4	4	5	13	0	3
beasts-of-marvel	Speculative fiction > Fantasy > Real earth fantasy > Magic realism > Metamorphic magic realism > Beasts of marvel	6	2	5	13	0	3
vampire-worlds	Speculative fiction > Fantasy > Real earth fantasy > Nocturne fantasy > Supernatural fantasy > Vampire fantasy > Vampire worlds	4	3	6	13	0	3
fantasy-mystery	Speculative fiction > Fantasy > Fantasy realms > Gothic fantasy > Fantasy mystery	7	5	0	12	2	2
deal-with-the-devil	Speculative fiction > Fantasy > Real earth fantasy > Nocturne fantasy > Supernatural fantasy > Evil deals > Deal with the devil	7	0	5	12	0	2
humorous-science-fiction	Speculative fiction > Science fiction > Modern day > Humorous science fiction	9	3	0	12	2	2
hometown-of-marvels	Speculative fiction > Fantasy > Real earth fantasy > Magic realism > Communal magic realism > Hometown of marvels	5	7	0	12	2	2
magic-school	Speculative fiction > Fantasy > Real earth fantasy > Contemporary fantasy > Magical coming-of-age > Magic school	6	0	6	12	0	2
sentient-robots	Speculative fiction > Science fiction > Futurist > Future of Earth fiction > Techno fiction > Machine minds > Robots > Sentient robots	9	3	0	12	2	2
tinderbox-fantasy	Speculative fiction > Fantasy > Fantasy realms > Epic fantasy > Political fantasy > Revolutionary fantasy > Rebel fantasy > Tinderbox fantasy	5	7	0	12	2	2
vampire-hunt	Speculative fiction > Fantasy > Real earth fantasy > Nocturne fantasy > Supernatural fantasy > Vampire fantasy > Vampire hunt	4	1	7	12	0	2
vengeful-spirits	Speculative fiction > Fantasy > Real earth fantasy > Nocturne fantasy > Supernatural fantasy > Ghost stories > Revenants > Vengeful spirits	7	4	0	11	1	1
fantasy-of-manners	Speculative fiction > Fantasy > Fantasy realms > Gothic fantasy > Fantasy of manners	6	5	0	11	1	1
space-dystopias	Speculative fiction > Science fiction > Futurist > Spacefaring fiction > Space dystopias	5	0	6	11	0	1
future-history-in-space	Speculative fiction > Science fiction > Futurist > Spacefaring fiction > Future history in space	5	0	6	11	0	1
perilous-fairy-doors	Speculative fiction > Fantasy > Portal fantasy > Eldritch doors > Perilous fairy doors	5	6	0	11	1	1
alt-diesel-fantasy	Speculative fiction > Fantasy > Real earth fantasy > Historical fantasy > Alternate history fantasy > Alt diesel fantasy	5	0	6	11	0	1
caper-fantasy	Speculative fiction > Fantasy > Fantasy realms > Sword and sorcery > Caper fantasy	4	0	7	11	0	1
dark-realms	Speculative fiction > Fantasy > Fantasy realms > Gothic fantasy > Dark realms	6	0	5	11	0	1
written-worlds	Speculative fiction > Science fiction > Atemporal > Fabulation > Classic fabulation > Metafictional worldmaking > Written worlds	9	2	0	11	1	1
npc-heroes	Speculative fiction > Fantasy > Fantasy realms > Epic fantasy > Heroic fantasy > NPC heroes	1	0	0	1	0	0
bard-hero	Speculative fiction > Fantasy > Fantasy realms > Epic fantasy > Heroic fantasy > Caster heroes > Bard hero	1	3	0	4	0	0
mage-hero	Speculative fiction > Fantasy > Fantasy realms > Epic fantasy > Heroic fantasy > Caster heroes > Mage hero	6	3	0	9	0	0
cleric-hero	Speculative fiction > Fantasy > Fantasy realms > Epic fantasy > Heroic fantasy > Caster heroes > Cleric hero	1	0	0	1	0	0
paladin-hero	Speculative fiction > Fantasy > Fantasy realms > Epic fantasy > Heroic fantasy > Caster heroes > Paladin hero	3	0	6	9	0	0
rogue-hero	Speculative fiction > Fantasy > Fantasy realms > Epic fantasy > Heroic fantasy > Martial heroes > Rogue hero	2	3	0	5	0	0
dark-quest-fantasy	Speculative fiction > Fantasy > Fantasy realms > Epic fantasy > Quest fantasy > Classic quest fantasy > Dark quest fantasy	2	0	0	2	0	0
fairytalesque-quest-fantasy	Speculative fiction > Fantasy > Fantasy realms > Epic fantasy > Quest fantasy > Fairytalesque quest fantasy	5	0	0	5	0	0
norse-fantasy	Speculative fiction > Fantasy > Real earth fantasy > Mythic retelling > Norse fantasy	2	4	0	6	0	0
pulp-fantasy	Speculative fiction > Fantasy > Real earth fantasy > Historical fantasy > Pulp fantasy	5	3	0	8	0	0
paranormal-fantasy	Speculative fiction > Fantasy > Real earth fantasy > Nocturne fantasy > Paranormal fantasy	5	2	0	7	0	0
wicked-wishes	Speculative fiction > Fantasy > Real earth fantasy > Nocturne fantasy > Supernatural fantasy > Evil deals > Wicked wishes	5	0	0	5	0	0
surreal-afterlife	Speculative fiction > Fantasy > Real earth fantasy > Nocturne fantasy > Supernatural fantasy > Surreal afterlife	7	0	0	7	0	0
fungal-horror	Speculative fiction > Fantasy > Real earth fantasy > Nocturne fantasy > Supernatural fantasy > Haunted house > Eldritch fungi	3	0	0	3	0	0
paranormal-bricks	Speculative fiction > Fantasy > Real earth fantasy > Urban fantasy > Paranormal bricks	7	0	0	7	0	0
publicly-paranormal	Speculative fiction > Fantasy > Real earth fantasy > Urban fantasy > Publicly paranormal	6	4	0	10	0	0
postcolonial-gothic	Speculative fiction > Fantasy > Real earth fantasy > Urban fantasy > Modern Goth > Postcolonial Gothic	6	0	0	6	0	0
suburban-gothic	Speculative fiction > Fantasy > Real earth fantasy > Urban fantasy > Modern Goth > Suburban Gothic	3	0	0	3	0	0
war-gothic	Speculative fiction > Fantasy > Real earth fantasy > Urban fantasy > Modern Goth > War Gothic	1	0	0	1	0	0
new-weird	Speculative fiction > Science fiction > Atemporal > New Weird	8	2	0	10	0	0
alien-invasion-fiction	Speculative fiction > Science fiction > Modern day > Alien invasion fiction	8	0	0	8	0	0
genetic-engineering	Speculative fiction > Science fiction > Modern day > Genetic engineering	6	0	0	6	0	0
alien-arrival	Speculative fiction > Science fiction > Modern day > Earthbound 1st contact > Alien arrival	7	2	0	9	0	0
alien-expedition	Speculative fiction > Science fiction > Futurist > Alien fiction > First contact > Alien expedition	5	0	0	5	0	0
alien-message	Speculative fiction > Science fiction > Modern day > Earthbound 1st contact > Alien message	7	1	0	8	0	0
alt-postwar	Speculative fiction > Science fiction > Historical > Alternate history > Period alterations > Alt postwar	9	1	0	10	0	0
alt-cold-war	Speculative fiction > Science fiction > Historical > Alternate history > Period alterations > Alt Cold War	2	0	0	2	0	0
alt-present	Speculative fiction > Science fiction > Historical > Alternate history > Period alterations > Alt present	1	0	0	1	0	0
deep-alterations	Speculative fiction > Science fiction > Historical > Alternate history > Deep alterations	7	2	0	9	0	0
steampunk	Speculative fiction > Science fiction > Historical > Period SF > Steampunk	6	3	0	9	0	0
ancestral-time-travel	Speculative fiction > Science fiction > Atemporal > Time travel fiction > Ancestral time travel	5	1	0	6	0	0
time-loops	Speculative fiction > Science fiction > Atemporal > Time travel fiction > Time loops	7	0	0	7	0	0
extra-dimensional-awareness	Speculative fiction > Science fiction > Atemporal > Time travel fiction > Extra dimensional awareness	2	0	0	2	0	0
time-travel-disorders	Speculative fiction > Science fiction > Atemporal > Time travel fiction > Time travel disorders	2	0	0	2	0	0
time-distortion	Speculative fiction > Science fiction > Atemporal > Time travel fiction > Time distortion	1	0	9	10	0	0
chemical-catastrophe	Speculative fiction > Science fiction > Modern day > Apocalyptic fiction > Chemical catastrophe	2	0	0	2	0	0
cosmic-catastrophe	Speculative fiction > Science fiction > Modern day > Apocalyptic fiction > Cosmic catastrophe	4	0	0	4	0	0
zombie-apocalypse	Speculative fiction > Science fiction > Modern day > Apocalyptic fiction > Pandemic > Zombie apocalypse	4	0	0	4	0	0
mystery-plague	Speculative fiction > Science fiction > Modern day > Apocalyptic fiction > Pandemic > Mystery plague	3	1	0	4	0	0
die-off	Speculative fiction > Science fiction > Modern day > Apocalyptic fiction > Pandemic > The die-off	4	0	0	4	0	0
unknown-catastrophe	Speculative fiction > Science fiction > Modern day > Apocalyptic fiction > Unknown catastrophe	3	0	0	3	0	0
hard-science-fantasy	Speculative fiction > Science fiction > Atemporal > Science fantasy > Hard science fantasy	6	0	0	6	0	0
old-mars	Speculative fiction > Science fiction > Atemporal > Science fantasy > Old Mars	1	0	0	1	0	0
isolationist-fantasy	Speculative fiction > Fantasy > Fantasy realms > Gothic fantasy > Isolationist fantasy	4	1	0	5	0	0
psi-powers	Speculative fiction > Science fiction > Modern day > Soft science fiction > Psi powers	8	0	0	8	0	0
reincarnation-fiction	Speculative fiction > Science fiction > Atemporal > Reincarnation fiction	4	0	0	4	0	0
lost-world-fiction	Speculative fiction > Science fiction > Historical > Proto SF > Lost world fiction	9	0	0	9	0	0
gaslight-technomancy	Speculative fiction > Fantasy > Real earth fantasy > Historical fantasy > Period fantasy > Industrial age fantasy > Gaslight fantasy > Gaslight technomancy	3	2	0	5	0	0
mythology-in-gaslight	Speculative fiction > Fantasy > Real earth fantasy > Historical fantasy > Period fantasy > Industrial age fantasy > Gaslight fantasy > Mythology in gaslight	2	0	0	2	0	0
faeries-in-gaslight	Speculative fiction > Fantasy > Real earth fantasy > Historical fantasy > Period fantasy > Industrial age fantasy > Gaslight fantasy > Folklore in gaslight > Faeries in gaslight	5	5	0	10	0	0
circus-in-gaslight	Speculative fiction > Fantasy > Real earth fantasy > Historical fantasy > Period fantasy > Industrial age fantasy > Gaslight fantasy > Folklore in gaslight > Circus in gaslight	1	0	0	1	0	0
viking-fantasy	Speculative fiction > Fantasy > Real earth fantasy > Historical fantasy > Period fantasy > Antique times fantasy > Viking fantasy	3	1	0	4	0	0
shenmo	Speculative fiction > Fantasy > Fantasy realms > Far shores fantasy > Silkpunk > Chuanqi > Shenmo	1	0	0	1	0	0
xuanhuan	Speculative fiction > Fantasy > Fantasy realms > Far shores fantasy > Silkpunk > Chuanqi > Xuanhuan	1	0	0	1	0	0
wuxia	Speculative fiction > Fantasy > Fantasy realms > Far shores fantasy > Silkpunk > Chuanqi > Wuxia	2	0	7	9	0	0
khayal	Speculative fiction > Fantasy > Fantasy realms > Far shores fantasy > Khayal	3	0	0	3	0	0
katha	Speculative fiction > Fantasy > Fantasy realms > Far shores fantasy > Katha	1	0	0	1	0	0
griot	Speculative fiction > Fantasy > Fantasy realms > Far shores fantasy > Griot	2	0	0	2	0	0
fifth-sun	Speculative fiction > Fantasy > Fantasy realms > Far shores fantasy > Fifth Sun	1	0	0	1	0	0
genso	Speculative fiction > Fantasy > Fantasy realms > Far shores fantasy > Silkpunk > Genso	2	1	0	3	0	0
cozy-fantasy	Speculative fiction > Fantasy > Fantasy realms > Cozy fantasy	4	2	0	6	0	0
election-fantasy	Speculative fiction > Fantasy > Fantasy realms > Epic fantasy > Political fantasy > Election fantasy	1	0	0	1	0	0
time-magic	Speculative fiction > Fantasy > Fantasy realms > Epic fantasy > Hard fantasy > Time magic	2	0	8	10	0	0
scientific-adventure	Speculative fiction > Science fiction > Historical > Proto SF > Scientific adventure	3	0	0	3	0	0
called-back	Speculative fiction > Fantasy > Real earth fantasy > Nocturne fantasy > Supernatural fantasy > Ghost stories > Revenants > Ghosts & grief > Called back	6	4	0	10	0	0
unfinished-business	Speculative fiction > Fantasy > Real earth fantasy > Nocturne fantasy > Supernatural fantasy > Ghost stories > Revenants > Ghosts & grief > Unfinished business	2	0	0	2	0	0
grief-imprinted	Speculative fiction > Fantasy > Real earth fantasy > Nocturne fantasy > Supernatural fantasy > Ghost stories > Revenants > Ghosts & grief > Grief-imprinted	2	0	0	2	0	0
classic-haunted-house	Speculative fiction > Fantasy > Real earth fantasy > Nocturne fantasy > Supernatural fantasy > Haunted house > Classic haunted house	5	0	0	5	0	0
housebound	Speculative fiction > Fantasy > Real earth fantasy > Nocturne fantasy > Supernatural fantasy > Haunted house > Contemporary haunted house > Housebound	9	1	0	10	0	0
feral-house	Speculative fiction > Fantasy > Real earth fantasy > Nocturne fantasy > Supernatural fantasy > Haunted house > Contemporary haunted house > Feral house	3	0	0	3	0	0
residual-haunting	Speculative fiction > Fantasy > Real earth fantasy > Nocturne fantasy > Supernatural fantasy > Haunted house > Contemporary haunted house > Residual haunting	4	0	0	4	0	0
the-comforting-dead	Speculative fiction > Fantasy > Real earth fantasy > Nocturne fantasy > Supernatural fantasy > Ghost stories > Lessons beyond the grave > The comforting dead	4	0	0	4	0	0
the-reckoning-dead	Speculative fiction > Fantasy > Real earth fantasy > Nocturne fantasy > Supernatural fantasy > Ghost stories > Lessons beyond the grave > The reckoning dead	6	4	0	10	0	0
invented-mythology	Speculative fiction > Fantasy > Fantasy realms > Epic fantasy > Mythological fantasy > Invented mythology	4	2	0	6	0	0
technofantasy	Speculative fiction > Fantasy > Fantasy realms > Sword and sorcery > Technofantasy	4	3	0	7	0	0
fantastic-voyage	Speculative fiction > Science fiction > Historical > Proto SF > Fantastic voyage	1	0	0	1	0	0
huxleyan-dystopia	Speculative fiction > Science fiction > Futurist > Future of Earth fiction > Dystopian futures > Totalitarian dystopia > Huxleyan dystopia	5	1	0	6	0	0
classic-orwellian	Speculative fiction > Science fiction > Futurist > Future of Earth fiction > Dystopian futures > Totalitarian dystopia > Orwellian dystopia > Classic Orwellian	4	0	0	4	0	0
orwellian-propaganda	Speculative fiction > Science fiction > Futurist > Future of Earth fiction > Dystopian futures > Totalitarian dystopia > Orwellian dystopia > Orwellian propaganda	2	0	0	2	0	0
orwellian-statesmanship	Speculative fiction > Science fiction > Futurist > Future of Earth fiction > Dystopian futures > Totalitarian dystopia > Orwellian dystopia > Orwellian statesmanship	2	3	0	5	0	0
orwellian-assimilation	Speculative fiction > Science fiction > Futurist > Future of Earth fiction > Dystopian futures > Totalitarian dystopia > Orwellian dystopia > Orwellian assimilation	2	1	0	3	0	0
orwellianesque	Speculative fiction > Science fiction > Futurist > Future of Earth fiction > Dystopian futures > Totalitarian dystopia > Orwellian dystopia > Orwellianesque	4	2	0	6	0	0
dystopian-rebellion	Speculative fiction > Science fiction > Futurist > Future of Earth fiction > Dystopian futures > Totalitarian dystopia > Dystopian rebellion	2	0	0	2	0	0
crowded-dystopias	Speculative fiction > Science fiction > Futurist > Future of Earth fiction > Dystopian futures > Social dystopian future > Crowded dystopias	4	0	0	4	0	0
childless-dystopias	Speculative fiction > Science fiction > Futurist > Future of Earth fiction > Dystopian futures > Social dystopian future > Childless dystopias	3	0	0	3	0	0
patriarchal-dystopias	Speculative fiction > Science fiction > Futurist > Future of Earth fiction > Dystopian futures > Social dystopian future > Patriarchal dystopias	3	0	0	3	0	0
post-pandemic-survival	Speculative fiction > Science fiction > Futurist > Future of Earth fiction > Dystopian futures > Post-holocaust survival > Post-pandemic survival	6	2	0	8	0	0
post-nuclear-survival	Speculative fiction > Science fiction > Futurist > Future of Earth fiction > Dystopian futures > Post-holocaust survival > Post-nuclear survival	2	0	0	2	0	0
satirical-utopia	Speculative fiction > Science fiction > Futurist > Future of Earth fiction > Utopian fiction > Satirical utopia	7	1	0	8	0	0
secluded-utopias	Speculative fiction > Science fiction > Futurist > Future of Earth fiction > Utopian fiction > Secluded utopias	6	0	0	6	0	0
feminist-utopia	Speculative fiction > Science fiction > Futurist > Future of Earth fiction > Utopian fiction > Hopepunk > Feminist utopia	2	2	0	4	0	0
psionics	Speculative fiction > Science fiction > Futurist > Future of Earth fiction > Psionics	6	0	0	6	0	0
orbital-mechanics	Speculative fiction > Science fiction > Futurist > Hard sci-fi > Orbital mechanics	5	0	0	5	0	0
planetary-science	Speculative fiction > Science fiction > Futurist > Hard sci-fi > Planetary science	4	4	0	8	0	0
matter-transmission	Speculative fiction > Science fiction > Futurist > Hard sci-fi > Matter transmission	1	0	0	1	0	0
pulp-space-odyssey	Speculative fiction > Science fiction > Futurist > Spacefaring fiction > Classic space opera > Pulp space opera > Golden age space opera > Pulp space odyssey	4	0	5	9	0	0
pulp-space-empire	Speculative fiction > Science fiction > Futurist > Spacefaring fiction > Classic space opera > Pulp space opera > Golden age space opera > Pulp space empire	6	0	0	6	0	0
retro-space-opera	Speculative fiction > Science fiction > Futurist > Spacefaring fiction > Classic space opera > Pulp space opera > Retro space opera	4	1	5	10	0	0
generation-starships	Speculative fiction > Science fiction > Futurist > Spacefaring fiction > Generation starships	6	1	0	7	0	0
earthborn	Speculative fiction > Science fiction > Futurist > Alien fiction > Anthropological science fiction > Earthborn	3	0	0	3	0	0
xenanthropology	Speculative fiction > Science fiction > Futurist > Alien fiction > Anthropological science fiction > Xenanthropology	5	0	0	5	0	0
near-future-first-contact	Speculative fiction > Science fiction > Futurist > Alien fiction > First contact > Near-future first contact	5	4	0	9	0	0
hard-alien	Speculative fiction > Science fiction > Futurist > Alien fiction > Hard alien	5	0	0	5	0	0
metaverse	Speculative fiction > Science fiction > Futurist > Future of Earth fiction > Techno fiction > Cyberpunk > Metaverse	4	0	0	4	0	0
litrpg	Speculative fiction > Science fiction > Futurist > Future of Earth fiction > Techno fiction > Cyberpunk > LitRPG	1	1	0	2	0	0
neural-fiction	Speculative fiction > Science fiction > Futurist > Future of Earth fiction > Techno fiction > Cyberpunk > Neural fiction	3	4	0	7	0	0
terms-of-service	Speculative fiction > Science fiction > Futurist > Future of Earth fiction > Techno fiction > Cyberpunk > Postcyberpunk > Terms of service	6	0	0	6	0	0
cyberheist	Speculative fiction > Science fiction > Futurist > Future of Earth fiction > Techno fiction > Cyberpunk > Postcyberpunk > Cyberheist	3	4	0	7	0	0
future-war	Speculative fiction > Science fiction > Futurist > Future of Earth fiction > Future war	2	1	0	3	0	0
space-navy	Speculative fiction > Science fiction > Futurist > Spacefaring fiction > Military science fiction > Space navy	2	2	0	4	0	0
space-academy	Speculative fiction > Science fiction > Futurist > Spacefaring fiction > Military science fiction > Space academy	2	0	0	2	0	0
space-command	Speculative fiction > Science fiction > Futurist > Spacefaring fiction > Military science fiction > Space command	2	0	0	2	0	0
alien-cosmic-history	Speculative fiction > Science fiction > Futurist > Alien fiction > Alien cosmic history	2	0	0	2	0	0
otherworldly-hard-sf	Speculative fiction > Science fiction > Futurist > Otherworldly fiction > Otherworldly hard SF	3	0	0	3	0	0
uncanny-thresholds	Speculative fiction > Fantasy > Portal fantasy > Eldritch doors > Uncanny thresholds	9	0	0	9	0	0
transporting-tomes	Speculative fiction > Fantasy > Portal fantasy > Transporting tomes	5	2	0	7	0	0
multiverse-fantasy	Speculative fiction > Fantasy > Portal fantasy > Fantasy rifts > Multiverse fantasy	7	0	0	7	0	0
otherworld-fantasy	Speculative fiction > Fantasy > Portal fantasy > Fantasy rifts > Otherworld fantasy	8	0	0	8	0	0
secret-history	Speculative fiction > Fantasy > Real earth fantasy > Historical fantasy > Secret history	8	1	0	9	0	0
rococo-fantasy	Speculative fiction > Fantasy > Real earth fantasy > Historical fantasy > Period fantasy > Antique times fantasy > Rococo fantasy	1	1	0	2	0	0
andalusian-fantasy	Speculative fiction > Fantasy > Real earth fantasy > Historical fantasy > Period fantasy > Antique times fantasy > Andalusian fantasy	1	0	0	1	0	0
antebellum-fantasy	Speculative fiction > Fantasy > Real earth fantasy > Historical fantasy > Period fantasy > Industrial age fantasy > Antebellum fantasy	1	0	0	1	0	0
noir-fantasy	Speculative fiction > Fantasy > Real earth fantasy > Historical fantasy > Period fantasy > Industrial age fantasy > Noir fantasy	2	0	0	2	0	0
neon-fantasy	Speculative fiction > Fantasy > Real earth fantasy > Historical fantasy > Period fantasy > Industrial age fantasy > Neon fantasy	2	0	0	2	0	0
alt-crusade-fantasy	Speculative fiction > Fantasy > Real earth fantasy > Historical fantasy > Alternate history fantasy > Alt crusade fantasy	1	0	0	1	0	0
alt-ming-fantasy	Speculative fiction > Fantasy > Real earth fantasy > Historical fantasy > Alternate history fantasy > Alt Ming fantasy	1	1	0	2	0	0
alt-spice-route-fantasy	Speculative fiction > Fantasy > Real earth fantasy > Historical fantasy > Alternate history fantasy > Alt spice route fantasy	1	0	0	1	0	0
alt-flintlock-fantasy	Speculative fiction > Fantasy > Real earth fantasy > Historical fantasy > Alternate history fantasy > Alt flintlock fantasy	5	1	0	6	0	0
contradiction-fiction	Speculative fiction > Science fiction > Atemporal > Fabulation > Books in books > Contradiction fiction	5	0	5	10	0	0
meta-remyth	Speculative fiction > Science fiction > Atemporal > Fabulation > Books in books > Meta remyth	5	2	0	7	0	0
textual-trespass	Speculative fiction > Science fiction > Atemporal > Fabulation > Books in books > Textual trespass	4	0	0	4	0	0
body-myth	Speculative fiction > Science fiction > Atemporal > Fabulation > Body myth	4	0	0	4	0	0
alternate-worlds	Speculative fiction > Science fiction > Atemporal > Fabulation > Alternate worlds	3	0	0	3	0	0
godgame	Speculative fiction > Science fiction > Atemporal > Fabulation > Godgame	1	2	0	3	0	0
renaissance-fantasy	Speculative fiction > Fantasy > Real earth fantasy > Historical fantasy > Period fantasy > Antique times fantasy > Renaissance fantasy	8	1	0	9	0	0
autumn-kingdoms	Speculative fiction > Fantasy > Real earth fantasy > Historical fantasy > Period fantasy > Antique times fantasy > Autumn kingdoms	1	0	0	1	0	0
tudorbethan-fantasy	Speculative fiction > Fantasy > Real earth fantasy > Historical fantasy > Period fantasy > Industrial age fantasy > Tudorbethan fantasy	1	0	0	1	0	0
bowler-hat-fantasy	Speculative fiction > Fantasy > Real earth fantasy > Historical fantasy > Period fantasy > Industrial age fantasy > Bowler hat fantasy	2	0	0	2	0	0
dust-bowl-fantasy	Speculative fiction > Fantasy > Real earth fantasy > Historical fantasy > Period fantasy > Industrial age fantasy > Dust Bowl fantasy	1	0	0	1	0	0
early-modern-dynastic-intrigue	Speculative fiction > Fantasy > Fantasy realms > Epic fantasy > Political fantasy > Court intrigue > Dynastic intrigues > Early modern dynastic intrigue	4	0	6	10	0	0
court-spies	Speculative fiction > Fantasy > Fantasy realms > Epic fantasy > Political fantasy > Court intrigue > Court spies	6	4	0	10	0	0
court-statecraft	Speculative fiction > Fantasy > Fantasy realms > Epic fantasy > Political fantasy > Court intrigue > Court statecraft	3	0	0	3	0	0
outlaw-fantasy	Speculative fiction > Fantasy > Fantasy realms > Epic fantasy > Political fantasy > Revolutionary fantasy > Outlaw fantasy	1	0	0	1	0	0
overthrow-fantasy	Speculative fiction > Fantasy > Fantasy realms > Epic fantasy > Political fantasy > Revolutionary fantasy > Overthrow fantasy	5	0	0	5	0	0
sword-and-planet	Speculative fiction > Fantasy > Fantasy realms > Sword and sorcery > Sword and planet	4	0	0	4	0	0
evergreen-sword-and-sorcery	Speculative fiction > Fantasy > Fantasy realms > Sword and sorcery > Classic S&S > Evergreen S&S	2	0	8	10	0	0
golden-age-sword-and-sorcery	Speculative fiction > Fantasy > Fantasy realms > Sword and sorcery > Classic S&S > Pulp S&S > Golden age S&S	0	0	0	0	0	0
sword-and-sorcery-revival	Speculative fiction > Fantasy > Fantasy realms > Sword and sorcery > Classic S&S > Pulp S&S > S&S revival	0	0	0	0	0	0
mayan-myth-fantasy	Speculative fiction > Fantasy > Real earth fantasy > Mythic retelling > Mayan myth fantasy	1	0	0	1	0	0
navajo-myth-fantasy	Speculative fiction > Fantasy > Real earth fantasy > Mythic retelling > Navajo myth fantasy	2	0	0	2	0	0
biblical-fantasy	Speculative fiction > Fantasy > Real earth fantasy > Mythic retelling > Biblical fantasy	1	0	0	1	0	0
superhero-fiction	Speculative fiction > Science fiction > Modern day > Soft science fiction > Superhero fiction	2	0	0	2	0	0
social-science-fiction	Speculative fiction > Science fiction > Modern day > Soft science fiction > Social science fiction	9	1	0	10	0	0
xenolinguistics	Speculative fiction > Science fiction > Futurist > Alien fiction > Anthropological science fiction > Xenolinguistics	4	0	0	4	0	0
xenocolonial	Speculative fiction > Science fiction > Futurist > Alien fiction > Anthropological science fiction > Xenocolonial	7	0	0	7	0	0
nation-of-marvels	Speculative fiction > Fantasy > Real earth fantasy > Magic realism > Communal magic realism > Nation of marvels	4	0	0	4	0	0
sensory-magic-realism	Speculative fiction > Fantasy > Real earth fantasy > Magic realism > Sensory magic realism	3	0	0	3	0	0
ontological-magic-realism	Speculative fiction > Fantasy > Real earth fantasy > Magic realism > Ontological magic realism	6	0	0	6	0	0
fairytale-inversion	Speculative fiction > Fantasy > Fantasy realms > Fairytale fantasy > Fairytale inversion	6	1	0	7	0	0
fairytale-transplant	Speculative fiction > Fantasy > Fantasy realms > Fairytale fantasy > Fairytale transplant	6	0	0	6	0	0
fairytale-expansion	Speculative fiction > Fantasy > Fantasy realms > Fairytale fantasy > Fairytale expansion	6	0	0	6	0	0
weird-west-fantasy	Speculative fiction > Fantasy > Real earth fantasy > Historical fantasy > Period fantasy > Industrial age fantasy > Weird West fantasy	5	0	0	5	0	0
ghost-speakers	Speculative fiction > Fantasy > Real earth fantasy > Nocturne fantasy > Supernatural fantasy > Ghost stories > Ghost speakers	4	1	0	5	0	0
mad-science-gothic	Speculative fiction > Science fiction > Historical > Proto SF > Gothic science fiction > Mad-science Gothic	5	2	0	7	0	0
cosmic-gothic	Speculative fiction > Science fiction > Historical > Proto SF > Gothic science fiction > Cosmic Gothic	3	0	0	3	0	0
elder-god-torment	Speculative fiction > Fantasy > Real earth fantasy > Nocturne fantasy > Dark fantasy > Torment fantasy > Elder god torment	4	1	0	5	0	0
satanic-torment	Speculative fiction > Fantasy > Real earth fantasy > Nocturne fantasy > Dark fantasy > Torment fantasy > Satanic torment	3	0	0	3	0	0
primordial-torment	Speculative fiction > Fantasy > Real earth fantasy > Nocturne fantasy > Dark fantasy > Torment fantasy > Primordial torment	2	3	0	5	0	0
undying	Speculative fiction > Fantasy > Real earth fantasy > Nocturne fantasy > Supernatural fantasy > Undying	4	0	0	4	0	0
projected-realities	Speculative fiction > Science fiction > Atemporal > Fabulation > Inner space > Projected realities	7	0	0	7	0	0
cryptid-horror	Speculative fiction > Science fiction > Modern day > Soft science fiction > Cryptid horror	4	0	0	4	0	0
interstellar-court-politics	Speculative fiction > Science fiction > Futurist > Spacefaring fiction > New space opera > Political space opera > Interstellar court politics	6	4	0	10	0	0
post-scarcity-politics	Speculative fiction > Science fiction > Futurist > Spacefaring fiction > New space opera > Political space opera > Post-scarcity politics	1	0	0	1	0	0
modern-greek-myth	Speculative fiction > Fantasy > Real earth fantasy > Contemporary fantasy > Contemporary mythic fantasy > Modern Greek myth	1	0	0	1	0	0
modern-anansi-myth	Speculative fiction > Fantasy > Real earth fantasy > Contemporary fantasy > Contemporary mythic fantasy > Modern Anansi myth	1	0	0	1	0	0
modern-orisha-myth	Speculative fiction > Fantasy > Real earth fantasy > Contemporary fantasy > Contemporary mythic fantasy > Modern orisha myth	2	2	0	4	0	0
birthright-magic	Speculative fiction > Fantasy > Real earth fantasy > Contemporary fantasy > Magical coming-of-age > Birthright magic	8	0	0	8	0	0
found-magic	Speculative fiction > Fantasy > Real earth fantasy > Contemporary fantasy > Magical coming-of-age > Found magic	5	0	0	5	0	0
domestic-fantasy	Speculative fiction > Fantasy > Real earth fantasy > Contemporary fantasy > Domestic fantasy	7	0	0	7	0	0
body-swap	Speculative fiction > Fantasy > Real earth fantasy > Contemporary fantasy > Body swap	1	0	0	1	0	0
technomancy	Speculative fiction > Fantasy > Fantasy realms > Gothic fantasy > Technomancy	5	1	0	6	0	0
retconned-worlds	Speculative fiction > Science fiction > Atemporal > Fabulation > Classic fabulation > Metafictional worldmaking > Retconned worlds	1	0	0	1	0	0
absurdist-constructed-realities	Speculative fiction > Science fiction > Atemporal > Fabulation > Classic fabulation > Absurdist constructed realities	9	0	0	9	0	0
deco-sf	Speculative fiction > Science fiction > Historical > Period SF > Deco SF	2	0	0	2	0	0
spaceship-drama	Speculative fiction > Science fiction > Futurist > Spacefaring fiction > New space opera > Space soap opera > Spaceship drama	4	0	5	9	0	0
lost-knowledge	Speculative fiction > Science fiction > Futurist > Future of Earth fiction > Dystopian futures > Ruined Earth > Lost knowledge	8	1	0	9	0	0
wild-ruins	Speculative fiction > Science fiction > Futurist > Future of Earth fiction > Dystopian futures > Ruined Earth > Wild ruins	5	0	0	5	0	0
visionary-minds	Speculative fiction > Science fiction > Atemporal > Fabulation > Inner space > Consciousness fiction > Visionary minds	7	0	0	7	0	0
unmoored-selves	Speculative fiction > Science fiction > Atemporal > Fabulation > Inner space > Consciousness fiction > Unmoored selves	5	0	0	5	0	0
nightmare-doors	Speculative fiction > Fantasy > Portal fantasy > Eldritch doors > Nightmare doors	4	0	0	4	0	0
hellscape-horror	Speculative fiction > Fantasy > Real earth fantasy > Nocturne fantasy > Dark fantasy > Horror fantasy > Hellscape horror	3	0	0	3	0	0
vengeance-torment	Speculative fiction > Fantasy > Real earth fantasy > Nocturne fantasy > Dark fantasy > Torment fantasy > Vengeance torment	7	2	0	9	0	0
homebrew-time-machines	Speculative fiction > Science fiction > Atemporal > Time travel fiction > Time machines > Homebrew time machines	7	0	0	7	0	0
classic-time-agencies	Speculative fiction > Science fiction > Atemporal > Time travel fiction > Time machines > Time travel agency > Classic time agencies	5	0	0	5	0	0
time-agency-revival	Speculative fiction > Science fiction > Atemporal > Time travel fiction > Time machines > Time travel agency > Time agency revival	6	0	0	6	0	0
androids	Speculative fiction > Science fiction > Futurist > Future of Earth fiction > Techno fiction > Machine minds > Robots > Androids	5	1	0	6	0	0
ai	Speculative fiction > Science fiction > Futurist > Future of Earth fiction > Techno fiction > Machine minds > AI	7	0	0	7	0	0
samizdat-fantasy	Speculative fiction > Fantasy > Fantasy realms > Epic fantasy > Political fantasy > Revolutionary fantasy > Rebel fantasy > Samizdat fantasy	4	1	0	5	0	0
insurgent-fantasy	Speculative fiction > Fantasy > Fantasy realms > Epic fantasy > Political fantasy > Revolutionary fantasy > Insurgent fantasy	7	3	0	10	0	0
alt-prewar	Speculative fiction > Science fiction > Historical > Alternate history > Period alterations > Alt prewar	1	0	0	1	0	0
mythic-power-struggle	Speculative fiction > Fantasy > Fantasy realms > Epic fantasy > Mythological fantasy > Mythic power struggle	2	0	0	2	0	0
scripted-books-in-books	Speculative fiction > Science fiction > Atemporal > Fabulation > Books in books > Scripted books in books	2	0	0	2	0	0
modern-invented-myth	Speculative fiction > Fantasy > Real earth fantasy > Contemporary fantasy > Contemporary mythic fantasy > Modern invented myth	2	0	0	2	0	0
ozymandian-tech	Speculative fiction > Science fiction > Atemporal > Science fantasy > Ozymandian tech	1	0	0	1	0	0
modern-chinese-myth	Speculative fiction > Fantasy > Real earth fantasy > Contemporary fantasy > Contemporary mythic fantasy > Modern Chinese myth	1	0	0	1	0	0
classic-social-dystopias	Speculative fiction > Science fiction > Modern day > Social dystopia > Classic social dystopias	4	1	0	5	0	0
ballardian-dystopias	Speculative fiction > Science fiction > Modern day > Social dystopia > Ballardian dystopias	3	0	0	3	0	0
bread-and-circus-dystopias	Speculative fiction > Science fiction > Modern day > Social dystopia > Bread & circus dystopias	1	0	0	1	0	0
algorithmic-surveillance-dystopias	Speculative fiction > Science fiction > Modern day > Social dystopia > Algorithmic surveillance dystopias	1	0	0	1	0	0
power-inversion-dystopias	Speculative fiction > Science fiction > Modern day > Social dystopia > Power inversion dystopias	1	0	0	1	0	0
space-western	Speculative fiction > Science fiction > Futurist > Spacefaring fiction > New space opera > Space western	1	0	0	1	0	0
space-adventure	Speculative fiction > Science fiction > Futurist > Spacefaring fiction > New space opera > Space adventure	8	2	0	10	0	0
time-crossroads	Speculative fiction > Science fiction > Atemporal > Time travel fiction > Time crossroads	1	0	0	1	0	0
time-tonics	Speculative fiction > Science fiction > Atemporal > Time travel fiction > Time tonics	1	0	0	1	0	0
dark-magical-realism	Speculative fiction > Fantasy > Real earth fantasy > Magic realism > Dark magical realism	2	0	0	2	0	0
wwi-fantasy	Speculative fiction > Fantasy > Real earth fantasy > Historical fantasy > Period fantasy > Industrial age fantasy > WWI fantasy	2	4	0	6	0	0
unholy-halls	Speculative fiction > Fantasy > Real earth fantasy > Nocturne fantasy > Dark fantasy > Horror fantasy > Unholy ground horror > Unholy halls	6	3	0	9	0	0
cursed-towns	Speculative fiction > Fantasy > Real earth fantasy > Nocturne fantasy > Dark fantasy > Horror fantasy > Unholy ground horror > Cursed towns	4	0	0	4	0	0
haunted-wilds	Speculative fiction > Fantasy > Real earth fantasy > Nocturne fantasy > Dark fantasy > Horror fantasy > Unholy ground horror > Haunted wilds	5	4	0	9	0	0
alt-great-war	Speculative fiction > Science fiction > Historical > Alternate history > Period alterations > Alt Great War	1	0	0	1	0	0
multiverse-odyssey	Speculative fiction > Science fiction > Atemporal > Parallel world fiction > Multiverse odyssey	7	3	0	10	0	0
multiverse-mirror	Speculative fiction > Science fiction > Atemporal > Parallel world fiction > Multiverse mirror	2	0	0	2	0	0
folk-horror	Speculative fiction > Fantasy > Real earth fantasy > Nocturne fantasy > Dark fantasy > Horror fantasy > Folk horror	5	0	0	5	0	0
told-worlds	Speculative fiction > Science fiction > Atemporal > Fabulation > Classic fabulation > Metafictional worldmaking > Told worlds	3	0	0	3	0	0
projected-worlds	Speculative fiction > Science fiction > Atemporal > Fabulation > Classic fabulation > Metafictional worldmaking > Projected worlds	2	0	0	2	0	0
wreck-delving	Speculative fiction > Science fiction > Futurist > Spacefaring fiction > New space opera > Alien delving > Wreck delving	2	0	0	2	0	0
big-dumb-objects	Speculative fiction > Science fiction > Futurist > Spacefaring fiction > New space opera > Alien delving > Big dumb objects	6	0	0	6	0	0
alien-descent	Speculative fiction > Science fiction > Futurist > Spacefaring fiction > New space opera > Alien delving > Alien descent	1	0	0	1	0	0
modern-jamaican-myth	Speculative fiction > Fantasy > Real earth fantasy > Contemporary fantasy > Contemporary mythic fantasy > Modern Jamaican myth	1	0	0	1	0	0
time-strays	Speculative fiction > Science fiction > Atemporal > Time travel fiction > Timeslips > Time strays	7	3	0	10	0	0
time-bleeds	Speculative fiction > Science fiction > Atemporal > Time travel fiction > Timeslips > Time bleeds	3	0	0	3	0	0
flesh-of-marvel	Speculative fiction > Fantasy > Real earth fantasy > Magic realism > Metamorphic magic realism > Flesh of marvel	6	0	0	6	0	0
drowned-worlds	Speculative fiction > Science fiction > Modern day > Apocalyptic fiction > Climate catastrophe > Drowned worlds	7	0	0	7	0	0
scorched-worlds	Speculative fiction > Science fiction > Modern day > Apocalyptic fiction > Climate catastrophe > Scorched worlds	4	0	0	4	0	0
mind-models	Speculative fiction > Science fiction > Futurist > Hard sci-fi > Hard conceptual SF > Mind models	4	0	0	4	0	0
thought-experiments	Speculative fiction > Science fiction > Futurist > Hard sci-fi > Hard conceptual SF > Thought experiments	2	0	0	2	0	0
arthur-classic	Speculative fiction > Fantasy > Real earth fantasy > Mythic retelling > Arthurian fantasy > Arthur classic	3	2	0	5	0	0
arthur-returned	Speculative fiction > Fantasy > Real earth fantasy > Mythic retelling > Arthurian fantasy > Arthur returned	4	1	0	5	0	0
world-bleeds	Speculative fiction > Fantasy > Portal fantasy > Fantasy rifts > World bleeds	1	2	0	3	0	0
climate-class-divide	Speculative fiction > Science fiction > Futurist > Future of Earth fiction > Dystopian futures > Social dystopian future > Cli-fi dystopia > Climate class divide	4	0	0	4	0	0
climate-displacement	Speculative fiction > Science fiction > Futurist > Future of Earth fiction > Dystopian futures > Social dystopian future > Cli-fi dystopia > Climate displacement	3	0	0	3	0	0
climate-breakdown	Speculative fiction > Science fiction > Futurist > Future of Earth fiction > Dystopian futures > Social dystopian future > Cli-fi dystopia > Climate breakdown	2	0	0	2	0	0
occult-institutions	Speculative fiction > Fantasy > Real earth fantasy > Urban fantasy > Modern Goth > Modern occult > Occult institutions	5	0	0	5	0	0
occult-bloodline	Speculative fiction > Fantasy > Real earth fantasy > Urban fantasy > Modern Goth > Modern occult > Occult bloodline	3	0	0	3	0	0
vampire-fringe	Speculative fiction > Fantasy > Real earth fantasy > Nocturne fantasy > Supernatural fantasy > Vampire fantasy > Vampire fringe	2	3	0	5	0	0
wwii-fantasy	Speculative fiction > Fantasy > Real earth fantasy > Historical fantasy > Period fantasy > Industrial age fantasy > WWII fantasy	2	0	0	2	0	0
space-romance	Speculative fiction > Science fiction > Futurist > Spacefaring fiction > New space opera > Space soap opera > Space romance	1	0	0	1	0	0
haunted-objects	Speculative fiction > Fantasy > Real earth fantasy > Nocturne fantasy > Supernatural fantasy > Ghost stories > Haunted objects	1	0	0	1	0	0
emancipation-fantasy	Speculative fiction > Fantasy > Fantasy realms > Epic fantasy > Political fantasy > Revolutionary fantasy > Emancipation fantasy	1	0	0	1	0	0
cyborgs	Speculative fiction > Science fiction > Futurist > Future of Earth fiction > Techno fiction > Technomorphosis > Posthuman > Remade bodies > Cyborgs	2	0	0	2	0	0
altered-flesh	Speculative fiction > Science fiction > Futurist > Future of Earth fiction > Techno fiction > Technomorphosis > Posthuman > Remade bodies > Altered flesh	5	0	0	5	0	0
successor-species	Speculative fiction > Science fiction > Futurist > Future of Earth fiction > Techno fiction > Technomorphosis > Posthuman > Remade bodies > Successor species	3	0	0	3	0	0
future-social-sf	Speculative fiction > Science fiction > Futurist > Future of Earth fiction > Future societies > Future social SF	1	0	0	1	0	0
werewolf-fantasy	Speculative fiction > Fantasy > Real earth fantasy > Nocturne fantasy > Supernatural fantasy > Werewolf fantasy	1	0	0	1	0	0
invented-fairytales	Speculative fiction > Fantasy > Fantasy realms > Fairytale fantasy > Invented fairytales	2	0	8	10	0	0
