author	unmatched_candidates
	198
L. E. Modesitt	70
Gardner Dozois	45
Larry Correia	33
S. M. Stirling	33
Alan Dean Foster	30
Tanith Lee	30
L.E. Modesitt	28
Multiple Authors	25
Ron Miller	25
Cressida Cowell	24
Sharon Shinn	23
Steve White	23
Andrzej Sapkowski	20
Mickey Zucker Reichert	20
Taylor Anderson	20
E.E. Knight	19
James Patterson	19
Dan Cragg	17
Alex Bledsoe	16
Hank Davis	16
W. Michael Gear	16
Wen Spencer	16
C.S. Friedman	15
S. Andrew Swann	15
Ruth Plumly Thompson	14
Caitlin R. Kiernan	13
John Birmingham	13
Kami Garcia	13
Mira Grant	13
Donald Lemke	12
John Dalmas	12
Running Press	12
S. L. Viehl	12
Sarah Pinborough	12
Simon R. Green	12
Tanya Huff	12
D.J. Butler	11
Kelly McCullough	11
Christina Henry	10
Christopher Ruocchio	10
Cinda Williams Chima	10
David G. Hartwell	10
John C. Wright	10
Lisa Shearin	10
Matt Wallace	10
Michael A. Stackpole	10
Stephen Blackmoore	10
Stephen Deas	10
Walter Mosley	10
Adam Christopher	9
Ak Mulford	9
Ann Aguirre	9
Beth Cato	9
Brian McClellan	9
Clay Reynolds	9
Danielle L. Jensen	9
Genevieve Cogman	9
Gordon R. Dickson	9
Jack Whyte	9
Jeanne C. Stein	9
Jennifer Rardin	9
John Barnes	9
Kat Richardson	9
Kate Forsyth	9
Kylie Chan	9
Lisanne Norman	9
Michael J. Sullivan	9
Myke Cole	9
P. C. Hodgell	9
Stephanie Garber	9
Thomas E. Sniegoski	9
Wil McCarthy	9
Adalyn Grace	8
Amber Benson	8
Cat Adams	8
Chris Wooding	8
David Farland	8
David Moody	8
Debra Doyle	8
Devin Madson	8
Drew Brockington	8
Gavin G. Smith	8
James Morrow	8
Jay Lake	8
Jean Johnson	8
Jocelynn Drake	8
Jody Lynn Nye	8
John Marco	8
Jon Courtenay Grimwood	8
Julian May	8
Laini Taylor	8
Marie Brennan	8
Mark L. Van Name	8
Megan E. O	8
Mel Odom	8
Michael Mammay	8
Oliver Bowden	8
Peter V. Brett	8
R. M. Meluch	8
Robert Asprin	8
Robert Conroy	8
Robert J. Sawyer	8
Stephen R Lawhead	8
A. Lee Martinez	7
Angus Wells	7
Christopher Anvil	7
Elise Kova	7
Fiona Patton	7
Gareth Hanrahan	7
Glenda Larke	7
James Clemens	7
Jason M. Hough	7
Joan D. Vinge	7
Josepha Sherman	7
Kalayna Price	7
Laura Resnick	7
Leanna Renee Hieber	7
Leo Frankowski	7
LJ Andrews	7
Louisa Morgan	7
Maggie Furey	7
Marjorie M. Liu	7
Morgan Llywelyn	7
Olivie Blake	7
Patrick Chiles	7
Peter Orullian	7
Rachel Swirsky	7
Richard Swan	7
Rick Cook	7
Sarah Beth Durst	7
Sarah Kuhn	7
Sean McMullen	7
Sean Russell	7
Stephen Aryan	7
Stephen Leigh	7
Storm Constantine	7
Sylvain Neuvel	7
Thomas T. Thomas	7
Tony Daniel	7
Wendy Mass	7
A.M. Dellamonica	6
Amanda Carlson	6
Andrea Hairston	6
Angus Watson	6
Auston Habershaw	6
Brian Staveley	6
Chris Bunch	6
Chris Colfer	6
Chris Marie Green	6
Christopher Stasheff	6
David Barnett	6
David Boop	6
David Carrico	6
Dawn Cook	6
E.C. Ambrose	6
Ed McDonald	6
Elly Blake	6
Esther Friesner	6
Felix Gilman	6
Freya Marske	6
Gayle Greeno	6
George Mann	6
Gerald Brandt	6
Hannah Whitten	6
Jack Heckel	6
Jamie Sawyer	6
Jaye Wells	6
Jennifer Estep	6
Jessie Mihalik	6
Jon Skovron	6
Josh Lacey	6
K. B. Wagers	6
K. J. Taylor	6
Karen Marie Moning	6
Karen Miller	6
Karen Traviss	6
Karl Kofoed	6
Kerri Maniscalco	6
Kevin J. Anderson	6
Kit Reed	6
Lawrence Watt-Evans	6
Lee Mandelo	6
M.D. Lachlan	6
Mark Anthony	6
Markus Heitz	6
MaryJanice Davidson	6
Matthew Ward	6
Michael Moorcock	6
Michelle Zink	6
Moira J. Moore	6
Morgan Howell	6
Mur Lafferty	6
Nicholas Sansbury Smith	6
Nisha J. Tuli	6
Patricia Bray	6
Paul Park	6
Rebecca Thorne	6
Robert Newcomb	6
Rowenna Miller	6
S. L. Farrell	6
Saara El-Arifi	6
Sarah Hawley	6
Sebastien de Castell	6
Simon Ings	6
Stacia Kane	6
Steven Gould	6
Suzanne Selfors	6
Sylvia Day	6
Tara Sim	6
Terry Bisson	6
Thoraiya Dyer	6
Tom Lloyd	6
Will McIntosh	6
William C. Dietz	6
A. J. Hackwith	5
A. M. Dellamonica	5
Alexis L. Menard	5
Andrew Shvarts	5
C Robert Cargill	5
Carrie Ryan	5
Charlie Huston	5
Chris Bradford	5
Chris Priestley	5
Cixin Liu	5
Coming Of Age	5
Cynthia St. Aubin	5
David Wellington	5
Dianne Sylvan	5
Douglas Niles	5
Edward Willett	5
Elliott James	5
Emily B Martin	5
Emily Skrutskie	5
Events	5
Fiona Mcintosh	5
Frank Chadwick	5
Greg Keyes	5
Henry V Oneil	5
Howard R. Garis	5
Ian Irvine	5
Ian Tregillis	5
Jaine Fenn	5
James L. Cambias	5
Jason Cordova	5
Jes Battis	5
Jessica Thorne	5
Jim C. Hines	5
John Hornor Jacobs	5
Judith Tarr	5
Julianna Baggott	5
Kai Ashante Wilson	5
Katie MacAlister	5
Kim Wilkins	5
Kit Berry	5
Lara Elena Donnelly	5
Laura Bickle	5
Les Johnson	5
Linda Grimes	5
Margaret Killjoy	5
Mari Mancusi	5
Mario Acevedo	5
Melissa Marr	5
Mike Kupari	5
Nancy Holzner	5
P. N. Elrod	5
Peter Higgins	5
Philip Palmer	5
Robert Buettner	5
Robert Reed	5
Ryan Graudin	5
Ryk E. Spoor	5
S. K. Dunstall	5
S.M. Stirling	5
Samantha Sotto Yambao	5
Sara Raasch	5
Sarah Ash	5
Sarah Jean Horwitz	5
Sarah Kozloff	5
Stan Nicholls	5
Steph Swainston	5
Sue Lynn Tan	5
Susan Sizemore	5
Suzanne Johnson	5
Sylvia Mercedes	5
Victor Milan	5
William R. Forstchen	5
Ada Palmer	4
Alexis Hall	4
Andrew Bannister	4
Andrew M. Greeley	4
Andy Remic	4
Ausma Zehanat Khan	4
Ava Reid	4
Baen Books	4
Beth Revis	4
Brom	4
Bryan Thomas Schmidt	4
C. L. Herman	4
C. M. Waggoner	4
